{
    "temperature": 2,
    "downfall": 0,
    "precipitation": "none",
    "category": "nether",
    "effects": {
      "sky_color": 7409166,
      "fog_color": 1705242,
      "water_color": 5664374,
      "water_fog_color": 7755350,
      "grass_color": 6122582,
      "foliage_color": 3492663,
      "ambient_sound": "minecraft:ambient.warped_forest.loop",
      "mood_sound": {
        "sound": "minecraft:ambient.warped_forest.mood",
        "tick_delay": 6000,
        "block_search_extent": 8,
        "offset": 2
      },
      "additions_sound": {
        "sound": "minecraft:ambient.warped_forest.additions",
        "tick_chance": 0.0111
      },
      "particle": {
        "options": {
          "type": "minecraft:warped_spore"
        },
        "probability": 0.01428
      }
    },
    "spawners": {
      "monster": [
        {
          "type": "minecraft:enderman",
          "weight": 1,
          "minCount": 4,
          "maxCount": 4
        }
      ],
      "creature": [
        {
          "type": "minecraft:strider",
          "weight": 60,
          "minCount": 1,
          "maxCount": 2
        }
      ],
      "ambient": [],
      "axolotls": [],
      "underground_water_creature": [],
      "water_creature": [],
      "water_ambient": [],
      "misc": []
    },
    "spawn_costs": {
      "minecraft:enderman": {
        "energy_budget": 0.12,
        "charge": 1
      }
    },
    "carvers": {
      "air": "minecraft:nether_cave"
    },
    "features": [
      [],
      [],
      [],
      [],
      [],
      [],
      [],
      [
        "minecraft:spring_open",
        "minecraft:patch_fire",
        "minecraft:patch_soul_fire",
        "minecraft:glowstone_extra",
        "minecraft:glowstone",
        "minecraft:ore_magma",
        "minecraft:spring_closed",
        "minecraft:ore_gravel_nether",
        "minecraft:ore_blackstone",
        "minecraft:ore_gold_nether",
        "minecraft:ore_quartz_nether",
        "minecraft:ore_ancient_debris_large",
        "minecraft:ore_debris_small"
      ],
      [],
      [
        "minecraft:spring_lava",
        "minecraft:brown_mushroom_normal",
        "minecraft:red_mushroom_normal",
        "minecraft:warped_fungi",
        "minecraft:warped_forest_vegetation",
        "minecraft:nether_sprouts",
        "minecraft:twisting_vines"
      ]
    ]
  }
  