{
  "type": "minecraft:tree",
  "config": {
    "minimum_size": {
      "type": "minecraft:two_layers_feature_size",
      "limit": 1,
      "lower_size": 0,
      "upper_size": 2
    },
    "dirt_provider": {
      "type": "minecraft:simple_state_provider",
      "state": {
        "Name": "minecraft:stone"
      }
    },
    "trunk_provider": {
      "type": "minecraft:noise_provider",
      "seed": 69,
      "noise": {
        "firstOctave": -7,
        "amplitudes": [
          1,
          1,
          1,
          1,
          1,
          2
        ]
      },
      "scale": 1,
      "states": [
        {
          "Name": "minecraft:stone"
        },
        {
          "Name": "minecraft:cobblestone"
        },
        {
          "Name": "minecraft:cobblestone"
        },
        {
          "Name": "minecraft:chiseled_stone_bricks"
        },
        {
          "Name": "minecraft:mossy_cobblestone"
        }
      ]
    },
    "foliage_provider": {
      "type": "minecraft:simple_state_provider",
      "state": {
        "Name": "minecraft:air"
      }
    },
    "trunk_placer": {
      "type": "minecraft:fancy_trunk_placer",
      "base_height": 4,
      "height_rand_a": 2,
      "height_rand_b": 0
    },
    "foliage_placer": {
      "type": "minecraft:fancy_foliage_placer",
      "radius": {
        "type": "minecraft:uniform",
        "value": {
          "min_inclusive": 2,
          "max_inclusive": 5
        }
      },
      "offset": 0,
      "height": 4
    },
    "decorators": [
      {
        "type": "minecraft:trunk_vine"
      },
      {
        "type": "minecraft:alter_ground",
        "provider": {
          "type": "minecraft:noise_provider",
          "seed": 0,
          "noise": {
            "firstOctave": -4,
            "amplitudes": [
              1,
              1
            ]
          },
          "scale": 1,
          "states": [
            {
              "Name": "minecraft:stone"
            },
            {
              "Name": "minecraft:cobblestone"
            }
          ]
        }
      }
    ]
  }
}
