{
  "type": "minecraft:huge_fungus",
  "config": {
    "hat_state": {
      "Name": "minecraft:oak_leaves",
      "Properties": {
        "distance": "7",
        "persistent": "false",
        "waterlogged": "false"
      }
    },
    "decor_state": {
      "Name": "minecraft:air"
    },
    "stem_state": {
      "Name": "minecraft:oak_log",
      "Properties": {
        "axis": "y"
      }
    },
    "valid_base_block": {
      "Name": "minecraft:grass_block",
      "Properties": {
        "snowy": "false"
      }
    },
    "replaceable_blocks": {
      "type": "minecraft:true"
    },
    "planted": false
  }
}
