{
  "type": "minecraft:simple_random_selector",
  "config": {
    "features": [
      {
        "feature": {
          "type": "minecraft:huge_fungus",
          "config": {
            "hat_state": {
              "Name": "minecraft:light_blue_stained_glass"
            },
            "decor_state": {
              "Name": "minecraft:pearlescent_froglight",
              "Properties": {
                "axis": "y"
              }
            },
            "stem_state": {
              "Name": "minecraft:basalt",
              "Properties": {
                "axis": "y"
              }
            },
            "valid_base_block": {
              "Name": "minecraft:stone"
            }
          }
        },
        "placement": []
      },
      {
        "feature": {
          "type": "minecraft:huge_fungus",
          "config": {
            "hat_state": {
              "Name": "minecraft:green_stained_glass"
            },
            "decor_state": {
              "Name": "minecraft:verdant_froglight",
              "Properties": {
                "axis": "y"
              }
            },
            "stem_state": {
              "Name": "minecraft:basalt",
              "Properties": {
                "axis": "y"
              }
            },
            "valid_base_block": {
              "Name": "minecraft:stone"
            }
          }
        },
        "placement": []
      },
      {
        "feature": {
          "type": "minecraft:huge_fungus",
          "config": {
            "hat_state": {
              "Name": "minecraft:yellow_stained_glass"
            },
            "decor_state": {
              "Name": "minecraft:ochre_froglight",
              "Properties": {
                "axis": "y"
              }
            },
            "stem_state": {
              "Name": "minecraft:basalt",
              "Properties": {
                "axis": "y"
              }
            },
            "valid_base_block": {
              "Name": "minecraft:stone"
            }
          }
        },
        "placement": []
      }
    ]
  }
}
