{
  "type": "minecraft:tree",
  "config": {
    "force_dirt": true,
    "minimum_size": {
      "type": "minecraft:three_layers_feature_size",
      "min_clipped_height": 5,
      "limit": 15,
      "upper_limit": 17,
      "lower_size": 10,
      "middle_size": 14,
      "upper_size": 16
    },
    "dirt_provider": {
      "type": "minecraft:simple_state_provider",
      "state": {
        "Name": "minecraft:stone"
      }
    },
    "trunk_provider": {
      "type": "minecraft:noise_provider",
      "seed": 69,
      "noise": {
        "firstOctave": -3,
        "amplitudes": [
          2,
          1
        ]
      },
      "scale": 1,
      "states": [
        {
          "Name": "minecraft:basalt",
          "Properties": {
            "axis": "y"
          }
        },
        {
          "Name": "minecraft:acacia_log",
          "Properties": {
            "axis": "y"
          }
        },
        {
          "Name": "minecraft:mangrove_log",
          "Properties": {
            "axis": "y"
          }
        }
      ]
    },
    "foliage_provider": {
      "type": "minecraft:noise_provider",
      "seed": 420,
      "noise": {
        "firstOctave": -2,
        "amplitudes": [
          1,
          1
        ]
      },
      "scale": 1,
      "states": [
        {
          "Name": "minecraft:oak_leaves",
          "Properties": {
            "distance": "1",
            "persistent": "false",
            "waterlogged": "false"
          }
        },
        {
          "Name": "minecraft:birch_leaves",
          "Properties": {
            "distance": "1",
            "persistent": "false",
            "waterlogged": "false"
          }
        },
        {
          "Name": "minecraft:mangrove_leaves",
          "Properties": {
            "distance": "1",
            "persistent": "false",
            "waterlogged": "false"
          }
        }
      ]
    },
    "trunk_placer": {
      "type": "minecraft:dark_oak_trunk_placer",
      "base_height": 7,
      "height_rand_a": 3,
      "height_rand_b": 7
    },
    "foliage_placer": {
      "type": "minecraft:dark_oak_foliage_placer",
      "radius": {
        "type": "minecraft:uniform",
        "value": {
          "min_inclusive": 5,
          "max_inclusive": 8
        }
      },
      "offset": {
        "type": "minecraft:uniform",
        "value": {
          "min_inclusive": 0,
          "max_inclusive": 3
        }
      }
    },
    "decorators": [
      {
        "type": "minecraft:alter_ground",
        "provider": {
          "type": "minecraft:simple_state_provider",
          "state": {
            "Name": "minecraft:stone"
          }
        }
      },
      {
        "type": "minecraft:attached_to_leaves",
        "probability": 0.2,
        "exclusion_radius_xz": 3,
        "exclusion_radius_y": 3,
        "required_empty_blocks": 1,
        "block_provider": {
          "type": "minecraft:noise_provider",
          "seed": 7777,
          "noise": {
            "firstOctave": -2,
            "amplitudes": [
              0,
              1
            ]
          },
          "scale": 1,
          "states": [
            {
              "Name": "minecraft:pearlescent_froglight",
              "Properties": {
                "axis": "y"
              }
            },
            {
              "Name": "minecraft:verdant_froglight",
              "Properties": {
                "axis": "y"
              }
            },
            {
              "Name": "minecraft:ochre_froglight",
              "Properties": {
                "axis": "y"
              }
            }
          ]
        },
        "directions": []
      },
      {
        "type": "minecraft:leave_vine",
        "probability": 0.43
      }
    ]
  }
}
