{
  "display": {
    "icon": {
      "item": "minecraft:diamond_sword"
    },
    "title": {
      "text": "Amalgamation?"
    },
    "description": {
      "text": "Enter the Amalgam"
    },
    "background": "minecraft:textures/block/oak_leaves",
    "frame": "goal",
    "show_toast": true,
    "announce_to_chat": true,
    "hidden": false
  },
  "criteria": {
    "Amalgamtion": {
      "trigger": "minecraft:changed_dimension",
      "conditions": {
        "to": "amalgam:the_amalgam"
      }
    }
  },
  "requirements": [
    [
      "Amalgamtion"
    ]
  ],
  "rewards": {
    "experience": 10
  }
}
