{
  "feature": "amalgam:savanna/amalgamated_savanna_tree",
  "placement": [
    {
      "type": "minecraft:count",
      "count": {
        "type": "minecraft:weighted_list",
        "distribution": [
          {
            "weight": 2,
            "data": 0
          },
          {
            "weight": 1,
            "data": 1
          }
        ]
      }
    },
    {
      "type": "minecraft:in_square"
    },
    {
      "type": "minecraft:heightmap",
      "heightmap": "WORLD_SURFACE"
    }
  ]
}
