{
  "display": {
    "icon": {
      "item": "minecraft:netherrack"
    },
    "title": {
      "text": "Hot islands"
    },
    "description": {
      "text": "It's like the nether and end combined..."
    },
    "frame": "task",
    "show_toast": true,
    "announce_to_chat": true,
    "hidden": false
  },
  "parent": "amalgam:root",
  "criteria": {
    "basalt": {
      "trigger": "minecraft:location",
      "conditions": {
        "player": {
          "location": {
            "biome": "amalgam:nether/basalt"
          }
        }
      }
    },
    "crimson": {
      "trigger": "minecraft:location",
      "conditions": {
        "player": {
          "location": {
            "biome": "amalgam:nether/crimson"
          }
        }
      }
    },
    "warped": {
      "trigger": "minecraft:location",
      "conditions": {
        "player": {
          "location": {
            "biome": "amalgam:nether/warped"
          }
        }
      }
    },
    "wastes": {
      "trigger": "minecraft:location",
      "conditions": {
        "player": {
          "location": {
            "biome": "amalgam:nether/wastes"
          }
        }
      }
    }
  },
  "requirements": [
    [
      "basalt",
      "crimson",
      "warped",
      "wastes"
    ]
  ],
  "rewards": {
    "experience": 5
  }
}
