{
  "type": "minecraft:random_selector",
  "config": {
    "features": [
      {
        "chance": 0.25,
        "feature": {
          "feature": {
            "type": "minecraft:tree",
            "config": {
              "ignore_vines": false,
              "force_dirt": false,
              "minimum_size": {
                "type": "minecraft:two_layers_feature_size",
                "limit": 1,
                "lower_size": 0,
                "upper_size": 1
              },
              "dirt_provider": {
                "type": "minecraft:simple_state_provider",
                "state": {
                  "Name": "minecraft:air"
                }
              },
              "trunk_provider": {
                "type": "minecraft:simple_state_provider",
                "state": {
                  "Name": "minecraft:air"
                }
              },
              "foliage_provider": {
                "type": "minecraft:simple_state_provider",
                "state": {
                  "Name": "minecraft:powder_snow"
                }
              },
              "trunk_placer": {
                "type": "minecraft:straight_trunk_placer",
                "base_height": 15,
                "height_rand_a": 2,
                "height_rand_b": 5
              },
              "foliage_placer": {
                "type": "minecraft:jungle_foliage_placer",
                "radius": 2,
                "offset": 0,
                "height": 2
              },
              "decorators": []
            }
          },
          "placement": []
        }
      }
    ],
    "default": {
      "feature": {
        "type": "minecraft:tree",
        "config": {
          "ignore_vines": false,
          "force_dirt": false,
          "minimum_size": {
            "type": "minecraft:two_layers_feature_size",
            "limit": 1,
            "lower_size": 0,
            "upper_size": 1
          },
          "dirt_provider": {
            "type": "minecraft:simple_state_provider",
            "state": {
              "Name": "minecraft:air"
            }
          },
          "trunk_provider": {
            "type": "minecraft:simple_state_provider",
            "state": {
              "Name": "minecraft:air"
            }
          },
          "foliage_provider": {
            "type": "minecraft:simple_state_provider",
            "state": {
              "Name": "minecraft:powder_snow"
            }
          },
          "trunk_placer": {
            "type": "minecraft:straight_trunk_placer",
            "base_height": 15,
            "height_rand_a": 2,
            "height_rand_b": 5
          },
          "foliage_placer": {
            "type": "minecraft:acacia_foliage_placer",
            "radius": 2,
            "offset": 0
          },
          "decorators": []
        }
      },
      "placement": []
    }
  }
}
