{
    "temperature": 0,
    "downfall": 0.4,
    "precipitation": "rain",
    "category": "none",
    "effects": {
      "sky_color": 5197647,
      "fog_color": 3881787,
      "water_color": 7235709,
      "water_fog_color": 4934498,
      "grass_color": 7173484,
      "foliage_color": 4738375,
      "particle": {
        "options": {
          "type": "minecraft:ash"
        },
        "probability": 0.025
      }
    },
    "spawners": {
      "monster": [
        {
          "type": "minecraft:phantom",
          "weight": 1,
          "minCount": 1,
          "maxCount": 1
        }
      ]
    },
    "spawn_costs": {
      "minecraft:phantom": {
        "energy_budget": 0.12,
        "charge": 1
      }
    },
    "carvers": {},
    "features": []
  }
  