{
  "amalgam:void": {
    "r": 0,
    "g": 255,
    "b": 255
  },
  "amalgam:barren": {
    "r": 0,
    "g": 0,
    "b": 0
  },
  "amalgam:overworld/snowy": {
    "r": 255,
    "g": 255,
    "b": 255
  },
  "amalgam:overworld/mountains": {
    "r": 136,
    "g": 136,
    "b": 136
  },
  "amalgam:overworld/forest": {
    "r": 0,
    "g": 112,
    "b": 2
  },
  "amalgam:overworld/plains": {
    "r": 0,
    "g": 255,
    "b": 0
  },
  "amalgam:overworld/desert": {
    "r": 194,
    "g": 187,
    "b": 0
  },
  "amalgam:overworld/savanna": {
    "r": 194,
    "g": 255,
    "b": 82
  },
  "amalgam:overworld/mushroom": {
    "r": 225,
    "g": 0,
    "b": 255
  },
  "amalgam:nether/basalt": {
    "r": 79,
    "g": 79,
    "b": 79
  },
  "amalgam:nether/forest": {
    "r": 0,
    "g": 0,
    "b": 255
  },
  "amalgam:nether/wastes": {
    "r": 255,
    "g": 0,
    "b": 0
  },
  "amalgam:end/islands": {
    "r": 251,
    "g": 255,
    "b": 0
  },
  "amalgam:under/overworld/lush": {
    "r": 144,
    "g": 170,
    "b": 131
  },
  "amalgam:under/overworld/dripstone": {
    "r": 108,
    "g": 107,
    "b": 81
  },
  "amalgam:under/overworld/deep_dark": {
    "r": 39,
    "g": 60,
    "b": 124
  },
  "amalgam:under/default": {
    "r": 118,
    "g": 81,
    "b": 81
  },
  "amalgam:under/nether/wastes": {
    "r": 117,
    "g": 0,
    "b": 0
  },
  "amalgam:under/nether/forest": {
    "r": 74,
    "g": 77,
    "b": 125
  }
}