{
  "sea_level": -80,
  "disable_mob_generation": false,
  "aquifers_enabled": false,
  "ore_veins_enabled": false,
  "legacy_random_source": false,
  "default_block": {
    "Name": "minecraft:stone"
  },
  "default_fluid": {
    "Name": "minecraft:air",
    "Properties": {
      "level": "0"
    }
  },
  "noise": {
    "min_y": -64,
    "height": 384,
    "size_horizontal": 4,
    "size_vertical": 4
  },
  "noise_router": {
    "barrier": 0,
    "fluid_level_floodedness": 0,
    "fluid_level_spread": 0,
    "lava": 0,
    "temperature": {
      "type": "minecraft:shifted_noise",
      "noise": "minecraft:temperature",
      "xz_scale": 0.25,
      "y_scale": 0,
      "shift_x": "minecraft:shift_x",
      "shift_y": 0,
      "shift_z": "minecraft:shift_z"
    },
    "vegetation": {
      "type": "minecraft:shifted_noise",
      "noise": "minecraft:vegetation",
      "xz_scale": 0.25,
      "y_scale": 0,
      "shift_x": "minecraft:shift_x",
      "shift_y": "minecraft:y",
      "shift_z": "minecraft:shift_z"
    },
    "continents": "minecraft:overworld/continents",
    "erosion": "minecraft:overworld/erosion",
    "depth": "minecraft:overworld/depth",
    "ridges": "minecraft:overworld/ridges",
    "initial_density_without_jaggedness": {
      "type": "minecraft:add",
      "argument1": {
        "type": "minecraft:y_clamped_gradient",
        "from_y": 320,
        "to_y": 54,
        "from_value": -10,
        "to_value": 0
      },
      "argument2": {
        "type": "minecraft:y_clamped_gradient",
        "from_y": 15,
        "to_y": -251,
        "from_value": 0,
        "to_value": -7
      }
    },
    "final_density": {
      "type": "minecraft:add",
      "argument1": {
        "type": "minecraft:add",
        "argument1": {
          "type": "minecraft:y_clamped_gradient",
          "from_y": 320,
          "to_y": 54,
          "from_value": -10,
          "to_value": 0
        },
        "argument2": {
          "type": "minecraft:y_clamped_gradient",
          "from_y": 15,
          "to_y": -251,
          "from_value": 0,
          "to_value": -7
        }
      },
      "argument2": {
        "type": "minecraft:interpolated",
        "argument": "amalgam:floating_islands"
      }
    },
    "vein_toggle": 0,
    "vein_ridged": 0,
    "vein_gap": 0
  },
  "spawn_target": [],
  "surface_rule": {
    "type": "minecraft:sequence",
    "sequence": [
      {
        "type": "minecraft:condition",
        "if_true": {
          "type": "minecraft:biome",
          "biome_is": [
            "amalgam:overworld/savanna"
          ]
        },
        "then_run": {
          "type": "minecraft:condition",
          "if_true": {
            "type": "minecraft:noise_threshold",
            "noise": "minecraft:calcite",
            "min_threshold": 0.0125,
            "max_threshold": 0.05
          },
          "then_run": {
            "type": "minecraft:condition",
            "if_true": {
              "type": "minecraft:stone_depth",
              "offset": 0,
              "surface_type": "floor",
              "add_surface_depth": false,
              "secondary_depth_range": 0
            },
            "then_run": {
              "type": "minecraft:block",
              "result_state": {
                "Name": "minecraft:coarse_dirt"
              }
            }
          }
        }
      },
      {
        "type": "minecraft:condition",
        "if_true": {
          "type": "minecraft:biome",
          "biome_is": [
            "amalgam:overworld/plains",
            "amalgam:overworld/forest",
            "amalgam:overworld/savanna"
          ]
        },
        "then_run": {
          "type": "minecraft:condition",
          "if_true": {
            "type": "minecraft:stone_depth",
            "offset": 0,
            "surface_type": "floor",
            "add_surface_depth": false,
            "secondary_depth_range": 0
          },
          "then_run": {
            "type": "minecraft:block",
            "result_state": {
              "Name": "minecraft:grass_block",
              "Properties": {
                "snowy": "false"
              }
            }
          }
        }
      },
      {
        "type": "minecraft:condition",
        "if_true": {
          "type": "minecraft:biome",
          "biome_is": [
            "amalgam:overworld/plains",
            "amalgam:overworld/forest",
            "amalgam:overworld/savanna"
          ]
        },
        "then_run": {
          "type": "minecraft:condition",
          "if_true": {
            "type": "minecraft:stone_depth",
            "offset": 0,
            "surface_type": "floor",
            "add_surface_depth": true,
            "secondary_depth_range": 3
          },
          "then_run": {
            "type": "minecraft:block",
            "result_state": {
              "Name": "minecraft:dirt"
            }
          }
        }
      },
      {
        "type": "minecraft:condition",
        "if_true": {
          "type": "minecraft:biome",
          "biome_is": [
            "amalgam:overworld/desert"
          ]
        },
        "then_run": {
          "type": "minecraft:condition",
          "if_true": {
            "type": "minecraft:stone_depth",
            "offset": 0,
            "surface_type": "floor",
            "add_surface_depth": true,
            "secondary_depth_range": 0
          },
          "then_run": {
            "type": "minecraft:block",
            "result_state": {
              "Name": "minecraft:sand"
            }
          }
        }
      },
      {
        "type": "minecraft:condition",
        "if_true": {
          "type": "minecraft:biome",
          "biome_is": [
            "amalgam:nether/warped"
          ]
        },
        "then_run": {
          "type": "minecraft:condition",
          "if_true": {
            "type": "minecraft:stone_depth",
            "offset": 0,
            "surface_type": "floor",
            "add_surface_depth": false,
            "secondary_depth_range": 0
          },
          "then_run": {
            "type": "minecraft:block",
            "result_state": {
              "Name": "minecraft:warped_nylium"
            }
          }
        }
      },
      {
        "type": "minecraft:condition",
        "if_true": {
          "type": "minecraft:biome",
          "biome_is": [
            "amalgam:nether/crimson"
          ]
        },
        "then_run": {
          "type": "minecraft:condition",
          "if_true": {
            "type": "minecraft:stone_depth",
            "offset": 0,
            "surface_type": "floor",
            "add_surface_depth": false,
            "secondary_depth_range": 0
          },
          "then_run": {
            "type": "minecraft:block",
            "result_state": {
              "Name": "minecraft:crimson_nylium"
            }
          }
        }
      },
      {
        "type": "minecraft:condition",
        "if_true": {
          "type": "minecraft:biome",
          "biome_is": [
            "amalgam:nether/basalt"
          ]
        },
        "then_run": {
          "type": "minecraft:sequence",
          "sequence": [
            {
              "type": "minecraft:condition",
              "if_true": {
                "type": "minecraft:noise_threshold",
                "noise": "minecraft:gravel",
                "min_threshold": -0.25,
                "max_threshold": 0.25
              },
              "then_run": {
                "type": "minecraft:block",
                "result_state": {
                  "Name": "minecraft:lava",
                  "Properties": {
                    "level": "15"
                  }
                }
              }
            },
            {
              "type": "minecraft:condition",
              "if_true": {
                "type": "minecraft:noise_threshold",
                "noise": "minecraft:gravel",
                "min_threshold": -0.5,
                "max_threshold": 0.5
              },
              "then_run": {
                "type": "minecraft:block",
                "result_state": {
                  "Name": "minecraft:magma_block"
                }
              }
            },
            {
              "type": "minecraft:condition",
              "if_true": {
                "type": "minecraft:noise_threshold",
                "noise": "minecraft:gravel",
                "min_threshold": -1,
                "max_threshold": 1
              },
              "then_run": {
                "type": "minecraft:block",
                "result_state": {
                  "Name": "minecraft:obsidian"
                }
              }
            },
            {
              "type": "minecraft:condition",
              "if_true": {
                "type": "minecraft:noise_threshold",
                "noise": "minecraft:gravel",
                "min_threshold": -0.75,
                "max_threshold": 0.75
              },
              "then_run": {
                "type": "minecraft:block",
                "result_state": {
                  "Name": "minecraft:crying_obsidian"
                }
              }
            }
          ]
        }
      },
      {
        "type": "minecraft:condition",
        "if_true": {
          "type": "minecraft:biome",
          "biome_is": [
            "amalgam:nether/wastes",
            "amalgam:nether/warped",
            "amalgam:nether/crimson",
            "amalgam:nether/basalt"
          ]
        },
        "then_run": {
          "type": "minecraft:block",
          "result_state": {
            "Name": "minecraft:netherrack"
          }
        }
      },
      {
        "type": "minecraft:condition",
        "if_true": {
          "type": "minecraft:biome",
          "biome_is": [
            "amalgam:end/islands"
          ]
        },
        "then_run": {
          "type": "minecraft:block",
          "result_state": {
            "Name": "minecraft:end_stone"
          }
        }
      },
      {
        "type": "minecraft:condition",
        "if_true": {
          "type": "minecraft:biome",
          "biome_is": [
            "amalgam:barren"
          ]
        },
        "then_run": {
          "type": "minecraft:condition",
          "if_true": {
            "type": "minecraft:not",
            "invert": {
              "type": "minecraft:not",
              "invert": {
                "type": "minecraft:not",
                "invert": {
                  "type": "minecraft:not",
                  "invert": {
                    "type": "minecraft:not",
                    "invert": {
                      "type": "minecraft:not",
                      "invert": {
                        "type": "minecraft:not",
                        "invert": {
                          "type": "minecraft:not",
                          "invert": {
                            "type": "minecraft:not",
                            "invert": {
                              "type": "minecraft:not",
                              "invert": {
                                "type": "minecraft:not",
                                "invert": {
                                  "type": "minecraft:not",
                                  "invert": {
                                    "type": "minecraft:not",
                                    "invert": {
                                      "type": "minecraft:not",
                                      "invert": {
                                        "type": "minecraft:stone_depth",
                                        "offset": 0,
                                        "surface_type": "floor",
                                        "add_surface_depth": false,
                                        "secondary_depth_range": 0
                                      }
                                    }
                                  }
                                }
                              }
                            }
                          }
                        }
                      }
                    }
                  }
                }
              }
            }
          },
          "then_run": {
            "type": "minecraft:block",
            "result_state": {
              "Name": "minecraft:gravel"
            }
          }
        }
      },
      {
        "type": "minecraft:condition",
        "if_true": {
          "type": "minecraft:biome",
          "biome_is": [
            "amalgam:void"
          ]
        },
        "then_run": {
          "type": "minecraft:sequence",
          "sequence": [
            {
              "type": "minecraft:condition",
              "if_true": {
                "type": "minecraft:noise_threshold",
                "noise": "minecraft:continentalness_large",
                "min_threshold": 10,
                "max_threshold": 0
              },
              "then_run": {
                "type": "minecraft:block",
                "result_state": {
                  "Name": "minecraft:air"
                }
              }
            },
            {
              "type": "minecraft:block",
              "result_state": {
                "Name": "minecraft:stone"
              }
            }
          ]
        }
      }
    ]
  }
}
