{
  "type": "minecraft:fossil",
  "config": {
    "max_empty_corners_allowed": 7,
    "fossil_structures": [
      "amalgam:forest/trees/good_looking/1",
      "amalgam:forest/trees/good_looking/2",
      "amalgam:forest/trees/good_looking/3",
      "amalgam:forest/trees/good_looking/4",
      "amalgam:forest/trees/good_looking/5",
      "amalgam:forest/trees/good_looking/6"
    ],
    "overlay_structures": [
      "amalgam:forest/trees/good_looking/1",
      "amalgam:forest/trees/good_looking/2",
      "amalgam:forest/trees/good_looking/3",
      "amalgam:forest/trees/good_looking/4",
      "amalgam:forest/trees/good_looking/5",
      "amalgam:forest/trees/good_looking/6"
    ],
    "fossil_processors": "minecraft:empty",
    "overlay_processors": "minecraft:empty"
  }
}
