{
  "sea_level": -64,
  "disable_mob_generation": false,
  "aquifers_enabled": true,
  "ore_veins_enabled": false,
  "legacy_random_source": false,
  "default_block": {
    "Name": "minecraft:stone"
  },
  "default_fluid": {
    "Name": "minecraft:air",
    "Properties": {
      "level": "0"
    }
  },
  "noise": {
    "min_y": -64,
    "height": 384,
    "size_horizontal": 4,
    "size_vertical": 2,
    "sampling": {
      "xz_scale": 5,
      "y_scale": 0.001,
      "xz_factor": 26,
      "y_factor": 150
    },
    "bottom_slide": {
      "target": -1,
      "size": 8,
      "offset": 1
    },
    "top_slide": {
      "target": -15,
      "size": 81,
      "offset": -46
    },
    "terrain_shaper": {
      "offset": -1,
      "factor": 0.2,
      "jaggedness": 0.6
    }
  },
  "noise_router": {
    "barrier": {
      "type": "minecraft:noise",
      "noise": "minecraft:aquifer_barrier",
      "xz_scale": 1,
      "y_scale": 0.5
    },
    "fluid_level_floodedness": {
      "type": "minecraft:noise",
      "noise": "minecraft:aquifer_fluid_level_floodedness",
      "xz_scale": 1,
      "y_scale": 0.67
    },
    "fluid_level_spread": {
      "type": "minecraft:noise",
      "noise": "minecraft:aquifer_fluid_level_spread",
      "xz_scale": 1,
      "y_scale": 0.7142857142857143
    },
    "lava": {
      "type": "minecraft:noise",
      "noise": "minecraft:aquifer_lava",
      "xz_scale": 1,
      "y_scale": 1
    },
    "temperature": {
      "type": "minecraft:shifted_noise",
      "noise": "minecraft:temperature",
      "xz_scale": 0.25,
      "y_scale": 0,
      "shift_x": "minecraft:shift_x",
      "shift_y": 0,
      "shift_z": "minecraft:shift_z"
    },
    "vegetation": {
      "type": "minecraft:shifted_noise",
      "noise": "minecraft:vegetation",
      "xz_scale": 0.25,
      "y_scale": 0,
      "shift_x": "minecraft:shift_x",
      "shift_y": 0,
      "shift_z": "minecraft:shift_z"
    },
    "continents": "minecraft:overworld_large_biomes/continents",
    "erosion": "minecraft:overworld_large_biomes/erosion",
    "depth": "minecraft:overworld_large_biomes/depth",
    "ridges": "minecraft:overworld/ridges",
    "initial_density_without_jaggedness": {
      "type": "minecraft:mul",
      "argument1": 4,
      "argument2": {
        "type": "minecraft:quarter_negative",
        "argument": {
          "type": "minecraft:mul",
          "argument1": "minecraft:overworld/depth",
          "argument2": {
            "type": "minecraft:cache_2d",
            "argument": "minecraft:overworld/factor"
          }
        }
      }
    },
    "final_density": {
      "type": "minecraft:min",
      "argument1": {
        "type": "minecraft:squeeze",
        "argument": {
          "type": "minecraft:mul",
          "argument1": 0.64,
          "argument2": {
            "type": "minecraft:interpolated",
            "argument": {
              "type": "minecraft:blend_density",
              "argument": {
                "type": "minecraft:slide",
                "argument": {
                  "type": "minecraft:range_choice",
                  "input": "minecraft:overworld_large_biomes/sloped_cheese",
                  "min_inclusive": -1000000,
                  "max_exclusive": 1.5625,
                  "when_in_range": {
                    "type": "minecraft:min",
                    "argument1": "minecraft:overworld/sloped_cheese",
                    "argument2": {
                      "type": "minecraft:mul",
                      "argument1": 5,
                      "argument2": "minecraft:overworld/caves/entrances"
                    }
                  },
                  "when_out_of_range": {
                    "type": "minecraft:max",
                    "argument1": {
                      "type": "minecraft:min",
                      "argument1": {
                        "type": "minecraft:min",
                        "argument1": {
                          "type": "minecraft:add",
                          "argument1": {
                            "type": "minecraft:mul",
                            "argument1": 4,
                            "argument2": {
                              "type": "minecraft:square",
                              "argument": {
                                "type": "minecraft:noise",
                                "noise": "minecraft:cave_layer",
                                "xz_scale": 1,
                                "y_scale": 8
                              }
                            }
                          },
                          "argument2": {
                            "type": "minecraft:add",
                            "argument1": {
                              "type": "minecraft:clamp",
                              "input": {
                                "type": "minecraft:add",
                                "argument1": 0.27,
                                "argument2": {
                                  "type": "minecraft:noise",
                                  "noise": "minecraft:cave_cheese",
                                  "xz_scale": 1,
                                  "y_scale": 0.6666666666666666
                                }
                              },
                              "min": -1,
                              "max": 1
                            },
                            "argument2": {
                              "type": "minecraft:clamp",
                              "input": {
                                "type": "minecraft:add",
                                "argument1": 1.5,
                                "argument2": {
                                  "type": "minecraft:mul",
                                  "argument1": -0.64,
                                  "argument2": "minecraft:overworld_large_biomes/sloped_cheese"
                                }
                              },
                              "min": 0,
                              "max": 0.5
                            }
                          }
                        },
                        "argument2": "minecraft:overworld/caves/entrances"
                      },
                      "argument2": {
                        "type": "minecraft:add",
                        "argument1": "minecraft:overworld/caves/spaghetti_2d",
                        "argument2": "minecraft:overworld/caves/spaghetti_roughness_function"
                      }
                    },
                    "argument2": {
                      "type": "minecraft:range_choice",
                      "input": "minecraft:overworld/caves/pillars",
                      "min_inclusive": -1000000,
                      "max_exclusive": 0.03,
                      "when_in_range": -1000000,
                      "when_out_of_range": "minecraft:overworld/caves/pillars"
                    }
                  }
                }
              }
            }
          }
        }
      },
      "argument2": "minecraft:overworld/caves/noodle"
    },
    "vein_toggle": 0,
    "vein_ridged": 0,
    "vein_gap": 0
  },
  "surface_rule": {
    "type": "minecraft:sequence",
    "sequence": [
      {
        "type": "minecraft:condition",
        "if_true": {
          "type": "minecraft:above_preliminary_surface"
        },
        "then_run": {
          "type": "minecraft:sequence",
          "sequence": [
            {
              "type": "minecraft:condition",
              "if_true": {
                "type": "minecraft:stone_depth",
                "offset": 0,
                "surface_type": "floor",
                "add_surface_depth": true,
                "secondary_depth_range": 6
              },
              "then_run": {
                "type": "minecraft:sequence",
                "sequence": [
                  {
                    "type": "minecraft:condition",
                    "if_true": {
                      "type": "minecraft:biome",
                      "biome_is": [
                        "amalgam:overworld/plains",
                        "amalgam:overworld/forest",
                        "amalgam:overworld/savanna"
                      ]
                    },
                    "then_run": {
                      "type": "minecraft:block",
                      "result_state": {
                        "Name": "minecraft:dirt"
                      }
                    }
                  }
                ]
              }
            },
            {
              "type": "minecraft:condition",
              "if_true": {
                "type": "minecraft:stone_depth",
                "offset": 0,
                "surface_type": "floor",
                "add_surface_depth": false,
                "secondary_depth_range": 0
              },
              "then_run": {
                "type": "minecraft:sequence",
                "sequence": [
                  {
                    "type": "minecraft:condition",
                    "if_true": {
                      "type": "minecraft:biome",
                      "biome_is": [
                        "amalgam:overworld/plains",
                        "amalgam:overworld/forest",
                        "amalgam:overworld/savanna"
                      ]
                    },
                    "then_run": {
                      "type": "minecraft:block",
                      "result_state": {
                        "Name": "minecraft:grass_block",
                        "Properties": {
                          "snowy": "false"
                        }
                      }
                    }
                  }
                ]
              }
            },
            {
              "type": "minecraft:condition",
              "if_true": {
                "type": "minecraft:stone_depth",
                "offset": 0,
                "surface_type": "floor",
                "add_surface_depth": true,
                "secondary_depth_range": 7
              },
              "then_run": {
                "type": "minecraft:sequence",
                "sequence": [
                  {
                    "type": "minecraft:condition",
                    "if_true": {
                      "type": "minecraft:biome",
                      "biome_is": [
                        "amalgam:overworld/desert"
                      ]
                    },
                    "then_run": {
                      "type": "minecraft:block",
                      "result_state": {
                        "Name": "minecraft:sand"
                      }
                    }
                  }
                ]
              }
            },
            {
              "type": "minecraft:condition",
              "if_true": {
                "type": "minecraft:stone_depth",
                "offset": 7,
                "surface_type": "floor",
                "add_surface_depth": false,
                "secondary_depth_range": 0
              },
              "then_run": {
                "type": "minecraft:sequence",
                "sequence": [
                  {
                    "type": "minecraft:condition",
                    "if_true": {
                      "type": "minecraft:biome",
                      "biome_is": [
                        "amalgam:overworld/desert"
                      ]
                    },
                    "then_run": {
                      "type": "minecraft:block",
                      "result_state": {
                        "Name": "minecraft:sandstone"
                      }
                    }
                  }
                ]
              }
            },
            {
              "type": "minecraft:condition",
              "if_true": {
                "type": "minecraft:stone_depth",
                "offset": 0,
                "surface_type": "floor",
                "add_surface_depth": false,
                "secondary_depth_range": 0
              },
              "then_run": {
                "type": "minecraft:sequence",
                "sequence": [
                  {
                    "type": "minecraft:condition",
                    "if_true": {
                      "type": "minecraft:biome",
                      "biome_is": [
                        "amalgam:nether/crimson"
                      ]
                    },
                    "then_run": {
                      "type": "minecraft:block",
                      "result_state": {
                        "Name": "minecraft:crimson_nylium"
                      }
                    }
                  },
                  {
                    "type": "minecraft:condition",
                    "if_true": {
                      "type": "minecraft:biome",
                      "biome_is": [
                        "amalgam:nether/warped"
                      ]
                    },
                    "then_run": {
                      "type": "minecraft:block",
                      "result_state": {
                        "Name": "minecraft:warped_nylium"
                      }
                    }
                  }
                ]
              }
            }
          ]
        }
      },
      {
        "type": "minecraft:condition",
        "if_true": {
          "type": "minecraft:biome",
          "biome_is": [
            "amalgam:end/islands"
          ]
        },
        "then_run": {
          "type": "minecraft:block",
          "result_state": {
            "Name": "minecraft:end_stone"
          }
        }
      },
      {
        "type": "minecraft:condition",
        "if_true": {
          "type": "minecraft:biome",
          "biome_is": [
            "amalgam:void"
          ]
        },
        "then_run": {
          "type": "minecraft:block",
          "result_state": {
            "Name": "minecraft:air"
          }
        }
      }
    ]
  }
}
