{
    "__comment": "Made with TheDestruc7i0n's advancements generator: https://advancements.thedestruc7i0n.ca",
    "display": {
        "title": {
            "text": "Hot islands"
        },
        "description": {
            "text": "It's like the nether and end combined..."
        },
        "icon": {
            "item": "minecraft:netherrack"
        },
        "frame": "task",
        "show_toast": true,
        "announce_to_chat": true,
        "hidden": false
    },
    "criteria": {
        "start": {
            "trigger": "minecraft:impossible"
        }
    },
    "requirements": [
        [
            "start"
        ]
    ],
    "parent": "amalgam:root"
}