{
    "__comment": "Made with TheDestruc7i0n's advancements generator: https://advancements.thedestruc7i0n.ca",
    "display": {
        "title": {
            "text": "The End of The End??"
        },
        "description": {
            "text": "It's The End... after the end?!"
        },
        "icon": {
            "item": "minecraft:end_stone"
        },
        "frame": "task",
        "show_toast": true,
        "announce_to_chat": true,
        "hidden": false
    },
    "criteria": {
        "aeoe": {
            "trigger": "minecraft:impossible"
        }
    },
    "requirements": [
        [
            "aeoe"
        ]
    ],
    "parent": "amalgam:root"
}