{
    "__comment": "Made with TheDestruc7i0n's advancements generator: https://advancements.thedestruc7i0n.ca",
    "display": {
        "title": {
            "text": "Amalgamation?"
        },
        "description": {
            "text": "Enter the Amalgam"
        },
        "icon": {
            "item": "minecraft:diamond_sword"
        },
        "frame": "goal",
        "show_toast": true,
        "announce_to_chat": true,
        "hidden": false,
        "background": "minecraft:textures/block/oak_leaves"
    },
    "criteria": {
        "Amalgamtion": {
            "trigger": "minecraft:impossible"
        }
    },
    "requirements": [
        [
            "Amalgamtion"
        ]
    ]
}