{
  "type": "amalgam:amalgamated",
  "generator": {
    "type": "minecraft:noise",
    "settings": "amalgam:amalgam",
    "biome_source": {
      "type": "minecraft:multi_noise",
      "biomes": [
        {
          "biome": "amalgam:void",
          "parameters": {
            "temperature": -1,
            "humidity": 0,
            "continentalness": -1,
            "erosion": 0,
            "weirdness": 0,
            "depth": 0,
            "offset": 0
          }
        },
        {
          "biome": "amalgam:end/islands",
          "parameters": {
            "temperature": -1.4,
            "humidity": 0,
            "continentalness": 0,
            "erosion": 0,
            "weirdness": 0,
            "depth": 0,
            "offset": 0
          }
        },
        {
          "biome": "amalgam:overworld/plains",
          "parameters": {
            "temperature": 0.05,
            "humidity": 0,
            "continentalness": 0.68,
            "erosion": 0,
            "weirdness": 0,
            "depth": 0,
            "offset": 0
          }
        },
        {
          "biome": "amalgam:overworld/forest",
          "parameters": {
            "temperature": 0,
            "humidity": 0,
            "continentalness": 0.7,
            "erosion": 0,
            "weirdness": 0,
            "depth": 0,
            "offset": 0
          }
        },
        {
          "biome": "amalgam:overworld/savanna",
          "parameters": {
            "temperature": 0.375,
            "humidity": 0,
            "continentalness": 0.7,
            "erosion": 0,
            "weirdness": 0,
            "depth": 0,
            "offset": 0
          }
        },
        {
          "biome": "amalgam:overworld/desert",
          "parameters": {
            "temperature": 0.45,
            "humidity": 0,
            "continentalness": 0.7,
            "erosion": 0.1,
            "weirdness": 0,
            "depth": 0,
            "offset": 0
          }
        },
        {
          "biome": "amalgam:nether/wastes",
          "parameters": {
            "temperature": 0.6,
            "humidity": 0,
            "continentalness": 0.69,
            "erosion": 0,
            "weirdness": 0.001,
            "depth": 0,
            "offset": 0
          }
        },
        {
          "biome": "amalgam:nether/crimson",
          "parameters": {
            "temperature": 0.7,
            "humidity": 0,
            "continentalness": 0.725,
            "erosion": 0.1,
            "weirdness": 0,
            "depth": 0,
            "offset": 0
          }
        },
        {
          "biome": "amalgam:nether/warped",
          "parameters": {
            "temperature": 0.700000000001,
            "humidity": 0,
            "continentalness": 0.731,
            "erosion": -0.1,
            "weirdness": 0,
            "depth": 0,
            "offset": 0
          }
        },
        {
          "biome": "amalgam:nether/basalt",
          "parameters": {
            "temperature": 0.75,
            "humidity": 0,
            "continentalness": 0.72,
            "erosion": 0,
            "weirdness": 0,
            "depth": 0,
            "offset": 0
          }
        },
        {
          "biome": "amalgam:barren",
          "parameters": {
            "temperature": -1,
            "humidity": 0,
            "continentalness": -1,
            "erosion": -1,
            "weirdness": 0,
            "depth": 0,
            "offset": 0
          }
        }
      ]
    }
  }
}
