{
  "display": {
    "icon": {
      "item": "minecraft:end_stone"
    },
    "title": {
      "text": "The End of The End??"
    },
    "description": {
      "text": "It's The End... after the end!"
    },
    "frame": "task",
    "show_toast": true,
    "announce_to_chat": true,
    "hidden": false
  },
  "parent": "amalgam:root",
  "criteria": {
    "amalgam:end/islands": {
      "trigger": "minecraft:location",
      "conditions": {
        "player": {
          "location": {
            "biome": "amalgam:end/islands"
          }
        }
      }
    }
  },
  "requirements": [
    [
      "amalgam:end/islands"
    ]
  ],
  "rewards": {
    "experience": 5
  }
}
