{
  "display": {
    "icon": {
      "item": "minecraft:grass_block"
    },
    "title": {
      "text": "Deja Vu"
    },
    "description": {
      "text": "This looks like the overworld!"
    },
    "frame": "task",
    "show_toast": true,
    "announce_to_chat": true,
    "hidden": false
  },
  "parent": "amalgam:root",
  "criteria": {
    "plains": {
      "trigger": "minecraft:location",
      "conditions": {
        "player": {
          "location": {
            "biome": "amalgam:overworld/desert"
          }
        }
      }
    },
    "desert": {
      "trigger": "minecraft:location",
      "conditions": {
        "player": {
          "location": {
            "biome": "amalgam:overworld/plains"
          }
        }
      }
    },
    "forest": {
      "trigger": "minecraft:location",
      "conditions": {
        "player": {
          "location": {
            "biome": "amalgam:overworld/forest"
          }
        }
      }
    },
    "savanna": {
      "trigger": "minecraft:location",
      "conditions": {
        "player": {
          "location": {
            "biome": "amalgam:overworld/savanna"
          }
        }
      }
    }
  },
  "requirements": [
    [
      "plains",
      "desert",
      "forest",
      "savanna"
    ]
  ],
  "rewards": {
    "experience": 5
  }
}
